SampleID,SubjectID,TaxonLabel,Proportion
AM.Day1.4x3d,Subject 3,Actinobacteria Actinomyces,0.072432089965946
AM.Day1.4x3d,Subject 3,Actinobacteria Rothia,0.006969192999128851
AM.Day1.4x3d,Subject 3,Bacteroidetes Porphyromonas,0.01357408727330324
AM.Day1.4x3d,Subject 3,Bacteroidetes Prevotella,0.052649085293418864
AM.Day1.4x3d,Subject 3,Firmicutes Gemellaceae,0.029666587471291677
AM.Day1.4x3d,Subject 3,Firmicutes Granulicatella,0.017106200997861726
AM.Day1.4x3d,Subject 3,Firmicutes Streptococcus,0.39876455215015444
AM.Day1.4x3d,Subject 3,Firmicutes Veillonella,0.08054169636493229
AM.Day1.4x3d,Subject 3,Fusobacteria Fusobacterium,0.05369446424328819
AM.Day1.4x3d,Subject 3,Fusobacteria Leptotrichia,0.06742694226657163
AM.Day1.4x3d,Subject 3,Proteobacteria Haemophilus,0.012576225548427971
AM.Day1.4x3d,Subject 3,Proteobacteria Neisseria,0.06589055199176368
AM.Day1.4x3d,Subject 3,Other,0.12870832343391145
AM.Day1.80x9d,Subject 3,Actinobacteria Actinomyces,0.057693125292291994
AM.Day1.80x9d,Subject 3,Actinobacteria Rothia,0.005541147626943299
AM.Day1.80x9d,Subject 3,Bacteroidetes Porphyromonas,0.019826254552669245
AM.Day1.80x9d,Subject 3,Bacteroidetes Prevotella,0.10990178988988564
AM.Day1.80x9d,Subject 3,Firmicutes Gemellaceae,0.015475532502869776
AM.Day1.80x9d,Subject 3,Firmicutes Granulicatella,0.014157561328174823
AM.Day1.80x9d,Subject 3,Firmicutes Streptococcus,0.23226053314059777
AM.Day1.80x9d,Subject 3,Firmicutes Veillonella,0.10531014837804516
AM.Day1.80x9d,Subject 3,Fusobacteria Fusobacterium,0.08735456258945906
AM.Day1.80x9d,Subject 3,Fusobacteria Leptotrichia,0.08327310346782309
AM.Day1.80x9d,Subject 3,Proteobacteria Haemophilus,0.014072530929807406
AM.Day1.80x9d,Subject 3,Proteobacteria Neisseria,0.05468871788330995
AM.Day1.80x9d,Subject 3,Other,0.2004449924181228
AM.Day1.RTx3d,Subject 3,Actinobacteria Actinomyces,0.11164029038712771
AM.Day1.RTx3d,Subject 3,Actinobacteria Rothia,0.008549552678143241
AM.Day1.RTx3d,Subject 3,Bacteroidetes Porphyromonas,0.01686758942302922
AM.Day1.RTx3d,Subject 3,Bacteroidetes Prevotella,0.04818838782226191
AM.Day1.RTx3d,Subject 3,Firmicutes Gemellaceae,0.042995816176349
AM.Day1.RTx3d,Subject 3,Firmicutes Granulicatella,0.019215822460352895
AM.Day1.RTx3d,Subject 3,Firmicutes Streptococcus,0.4654793206661044
AM.Day1.RTx3d,Subject 3,Firmicutes Veillonella,0.054422781167832515
AM.Day1.RTx3d,Subject 3,Fusobacteria Fusobacterium,0.005308329612541549
AM.Day1.RTx3d,Subject 3,Fusobacteria Leptotrichia,0.048519124869772286
AM.Day1.RTx3d,Subject 3,Proteobacteria Haemophilus,0.039638835144118666
AM.Day1.RTx3d,Subject 3,Proteobacteria Neisseria,0.015246977890228374
AM.Day1.RTx3d,Subject 3,Other,0.12392717170213821
AM.Day10.Fresh,Subject 3,Actinobacteria Actinomyces,0.0582355856600033
AM.Day10.Fresh,Subject 3,Actinobacteria Rothia,0.013368026873726527
AM.Day10.Fresh,Subject 3,Bacteroidetes Porphyromonas,0.10823145547662316
AM.Day10.Fresh,Subject 3,Bacteroidetes Prevotella,0.11414450134919324
AM.Day10.Fresh,Subject 3,Firmicutes Gemellaceae,0.08326449694366429
AM.Day10.Fresh,Subject 3,Firmicutes Granulicatella,0.027968225122528775
AM.Day10.Fresh,Subject 3,Firmicutes Streptococcus,0.2339267030122804
AM.Day10.Fresh,Subject 3,Firmicutes Veillonella,0.052838812709950986
AM.Day10.Fresh,Subject 3,Fusobacteria Fusobacterium,0.05148961947243791
AM.Day10.Fresh,Subject 3,Fusobacteria Leptotrichia,0.03195385208436588
AM.Day10.Fresh,Subject 3,Proteobacteria Haemophilus,0.03869981827193127
AM.Day10.Fresh,Subject 3,Proteobacteria Neisseria,0.04583126824164326
AM.Day10.Fresh,Subject 3,Other,0.14004763478165097
AM.Day2.4x2d,Subject 3,Actinobacteria Actinomyces,0.011904334398678494
AM.Day2.4x2d,Subject 3,Actinobacteria Rothia,0.001975078105361439
AM.Day2.4x2d,Subject 3,Bacteroidetes Porphyromonas,0.013394620605451216
AM.Day2.4x2d,Subject 3,Bacteroidetes Prevotella,0.010162674614859769
AM.Day2.4x2d,Subject 3,Firmicutes Gemellaceae,0.14010485869213918
AM.Day2.4x2d,Subject 3,Firmicutes Granulicatella,0.019535317987574963
AM.Day2.4x2d,Subject 3,Firmicutes Streptococcus,0.7149603188853377
AM.Day2.4x2d,Subject 3,Firmicutes Veillonella,0.013215068050418357
AM.Day2.4x2d,Subject 3,Fusobacteria Fusobacterium,0.014328293891622077
AM.Day2.4x2d,Subject 3,Fusobacteria Leptotrichia,0.011437497755593062
AM.Day2.4x2d,Subject 3,Proteobacteria Haemophilus,0.003950156210722878
AM.Day2.4x2d,Subject 3,Proteobacteria Neisseria,0.013538262649477502
AM.Day2.4x2d,Subject 3,Other,0.031493518152763314
AM.Day2.icex1d,Subject 3,Actinobacteria Actinomyces,0.016858519062780634
AM.Day2.icex1d,Subject 3,Actinobacteria Rothia,0.006531145399624459
AM.Day2.icex1d,Subject 3,Bacteroidetes Porphyromonas,0.016327863499061148
AM.Day2.icex1d,Subject 3,Bacteroidetes Prevotella,0.019246469099518326
AM.Day2.icex1d,Subject 3,Firmicutes Gemellaceae,0.06298473344762838
AM.Day2.icex1d,Subject 3,Firmicutes Granulicatella,0.029553432933300677
AM.Day2.icex1d,Subject 3,Firmicutes Streptococcus,0.6165197158951751
AM.Day2.icex1d,Subject 3,Firmicutes Veillonella,0.02438974610172259
AM.Day2.icex1d,Subject 3,Fusobacteria Fusobacterium,0.02981876071516042
AM.Day2.icex1d,Subject 3,Fusobacteria Leptotrichia,0.021144583231284188
AM.Day2.icex1d,Subject 3,Proteobacteria Haemophilus,0.028532941464609357
AM.Day2.icex1d,Subject 3,Proteobacteria Neisseria,0.054392195281247446
AM.Day2.icex1d,Subject 3,Other,0.07369989386888726
AM.Day2.icex2d,Subject 3,Actinobacteria Actinomyces,0.031124419823326845
AM.Day2.icex2d,Subject 3,Actinobacteria Rothia,0.008797724210211109
AM.Day2.icex2d,Subject 3,Bacteroidetes Porphyromonas,0.02042820781554125
AM.Day2.icex2d,Subject 3,Bacteroidetes Prevotella,0.018853121724809102
AM.Day2.icex2d,Subject 3,Firmicutes Gemellaceae,0.07928731846084744
AM.Day2.icex2d,Subject 3,Firmicutes Granulicatella,0.034717772121575084
AM.Day2.icex2d,Subject 3,Firmicutes Streptococcus,0.6281778709387633
AM.Day2.icex2d,Subject 3,Firmicutes Veillonella,0.014846533912262315
AM.Day2.icex2d,Subject 3,Fusobacteria Fusobacterium,0.015331636472525827
AM.Day2.icex2d,Subject 3,Fusobacteria Leptotrichia,0.02090732145530768
AM.Day2.icex2d,Subject 3,Proteobacteria Haemophilus,0.018098517742176974
AM.Day2.icex2d,Subject 3,Proteobacteria Neisseria,0.03799371163347807
AM.Day2.icex2d,Subject 3,Other,0.07143584368917502
AM.Day3.4x1d,Subject 3,Actinobacteria Actinomyces,0.009469398771902202
AM.Day3.4x1d,Subject 3,Actinobacteria Rothia,0.0021143075642727008
AM.Day3.4x1d,Subject 3,Bacteroidetes Porphyromonas,0.013203175959873142
AM.Day3.4x1d,Subject 3,Bacteroidetes Prevotella,0.008659663960053082
AM.Day3.4x1d,Subject 3,Firmicutes Gemellaceae,0.13945432870734834
AM.Day3.4x1d,Subject 3,Firmicutes Granulicatella,0.031219775523516048
AM.Day3.4x1d,Subject 3,Firmicutes Streptococcus,0.7012753323286623
AM.Day3.4x1d,Subject 3,Firmicutes Veillonella,0.011943588474774511
AM.Day3.4x1d,Subject 3,Fusobacteria Fusobacterium,0.013090712791560764
AM.Day3.4x1d,Subject 3,Fusobacteria Leptotrichia,0.008862097663015362
AM.Day3.4x1d,Subject 3,Proteobacteria Haemophilus,0.0044760340988326324
AM.Day3.4x1d,Subject 3,Proteobacteria Neisseria,0.017184372118131314
AM.Day3.4x1d,Subject 3,Other,0.039047212038057534
AM.Day3.80x7d,Subject 3,Actinobacteria Actinomyces,0.007043044392036065
AM.Day3.80x7d,Subject 3,Actinobacteria Rothia,0.002470680720668688
AM.Day3.80x7d,Subject 3,Bacteroidetes Porphyromonas,0.028589305482023392
AM.Day3.80x7d,Subject 3,Bacteroidetes Prevotella,0.01613964159086169
AM.Day3.80x7d,Subject 3,Firmicutes Gemellaceae,0.08504596428743322
AM.Day3.80x7d,Subject 3,Firmicutes Granulicatella,0.034413052895028155
AM.Day3.80x7d,Subject 3,Firmicutes Streptococcus,0.6589658436412058
AM.Day3.80x7d,Subject 3,Firmicutes Veillonella,0.015369559288315605
AM.Day3.80x7d,Subject 3,Fusobacteria Fusobacterium,0.02156230447129037
AM.Day3.80x7d,Subject 3,Fusobacteria Leptotrichia,0.016797420224286472
AM.Day3.80x7d,Subject 3,Proteobacteria Haemophilus,0.022813688212927757
AM.Day3.80x7d,Subject 3,Proteobacteria Neisseria,0.02067991849962298
AM.Day3.80x7d,Subject 3,Other,0.07010957629429979
AM.Day8.RTx2d,Subject 3,Actinobacteria Actinomyces,0.016998766040095398
AM.Day8.RTx2d,Subject 3,Actinobacteria Rothia,0.0031319341076477846
AM.Day8.RTx2d,Subject 3,Bacteroidetes Porphyromonas,0.045158505746490406
AM.Day8.RTx2d,Subject 3,Bacteroidetes Prevotella,0.016699959605796844
AM.Day8.RTx2d,Subject 3,Firmicutes Gemellaceae,0.04473796335747763
AM.Day8.RTx2d,Subject 3,Firmicutes Granulicatella,0.05428870235005727
AM.Day8.RTx2d,Subject 3,Firmicutes Streptococcus,0.6373707247162722
AM.Day8.RTx2d,Subject 3,Firmicutes Veillonella,0.016854896275433132
AM.Day8.RTx2d,Subject 3,Fusobacteria Fusobacterium,0.003818082216037052
AM.Day8.RTx2d,Subject 3,Fusobacteria Leptotrichia,0.012002058444325168
AM.Day8.RTx2d,Subject 3,Proteobacteria Haemophilus,0.03151854536601022
AM.Day8.RTx2d,Subject 3,Proteobacteria Neisseria,0.045816986592444625
AM.Day8.RTx2d,Subject 3,Other,0.07160287518191225
BM.Day1.4x3d,Subject 1,Actinobacteria Actinomyces,0.013712988033889423
BM.Day1.4x3d,Subject 1,Actinobacteria Rothia,0.02335575159402568
BM.Day1.4x3d,Subject 1,Bacteroidetes Porphyromonas,0.007826011005327977
BM.Day1.4x3d,Subject 1,Bacteroidetes Prevotella,0.0037208489824438816
BM.Day1.4x3d,Subject 1,Firmicutes Gemellaceae,0.0502576644248406
BM.Day1.4x3d,Subject 1,Firmicutes Granulicatella,0.010778233906891432
BM.Day1.4x3d,Subject 1,Firmicutes Streptococcus,0.7485544589047078
BM.Day1.4x3d,Subject 1,Firmicutes Veillonella,0.03126910647218098
BM.Day1.4x3d,Subject 1,Fusobacteria Fusobacterium,0.008978950126648616
BM.Day1.4x3d,Subject 1,Fusobacteria Leptotrichia,0.01002707660057647
BM.Day1.4x3d,Subject 1,Proteobacteria Haemophilus,0.0074591667394532275
BM.Day1.4x3d,Subject 1,Proteobacteria Neisseria,0.027478382391475237
BM.Day1.4x3d,Subject 1,Other,0.056581360817538645
BM.Day1.80x9d,Subject 1,Actinobacteria Actinomyces,0.004674900479738696
BM.Day1.80x9d,Subject 1,Actinobacteria Rothia,0.007349188527100133
BM.Day1.80x9d,Subject 1,Bacteroidetes Porphyromonas,0.014780034704501378
BM.Day1.80x9d,Subject 1,Bacteroidetes Prevotella,0.010043890987036848
BM.Day1.80x9d,Subject 1,Firmicutes Gemellaceae,0.04899459018066755
BM.Day1.80x9d,Subject 1,Firmicutes Granulicatella,0.005573134633050934
BM.Day1.80x9d,Subject 1,Firmicutes Streptococcus,0.7997958558742472
BM.Day1.80x9d,Subject 1,Firmicutes Veillonella,0.018985403695008677
BM.Day1.80x9d,Subject 1,Fusobacteria Fusobacterium,0.013718485250586915
BM.Day1.80x9d,Subject 1,Fusobacteria Leptotrichia,0.01012554863733796
BM.Day1.80x9d,Subject 1,Proteobacteria Haemophilus,0.005899765234255385
BM.Day1.80x9d,Subject 1,Proteobacteria Neisseria,0.012820251097274676
BM.Day1.80x9d,Subject 1,Other,0.04723895069919363
BM.Day1.RTx3d,Subject 1,Actinobacteria Actinomyces,0.0070438799076212475
BM.Day1.RTx3d,Subject 1,Actinobacteria Rothia,0.010969976905311778
BM.Day1.RTx3d,Subject 1,Bacteroidetes Porphyromonas,0.009237875288683603
BM.Day1.RTx3d,Subject 1,Bacteroidetes Prevotella,0.007390300230946882
BM.Day1.RTx3d,Subject 1,Firmicutes Gemellaceae,0.05975750577367205
BM.Day1.RTx3d,Subject 1,Firmicutes Granulicatella,0.018071593533487296
BM.Day1.RTx3d,Subject 1,Firmicutes Streptococcus,0.79364896073903
BM.Day1.RTx3d,Subject 1,Firmicutes Veillonella,0.00894919168591224
BM.Day1.RTx3d,Subject 1,Fusobacteria Fusobacterium,0.008371824480369515
BM.Day1.RTx3d,Subject 1,Fusobacteria Leptotrichia,0.009468822170900693
BM.Day1.RTx3d,Subject 1,Proteobacteria Haemophilus,0.005080831408775982
BM.Day1.RTx3d,Subject 1,Proteobacteria Neisseria,0.012702078521939953
BM.Day1.RTx3d,Subject 1,Other,0.04930715935334873
BM.Day10.Fresh,Subject 1,Actinobacteria Actinomyces,0.0028624003271314658
BM.Day10.Fresh,Subject 1,Actinobacteria Rothia,0.01125974822560388
BM.Day10.Fresh,Subject 1,Bacteroidetes Porphyromonas,0.008003037649326751
BM.Day10.Fresh,Subject 1,Bacteroidetes Prevotella,0.0042205800741887435
BM.Day10.Fresh,Subject 1,Firmicutes Gemellaceae,0.07802961708093582
BM.Day10.Fresh,Subject 1,Firmicutes Granulicatella,0.008528784648187633
BM.Day10.Fresh,Subject 1,Firmicutes Streptococcus,0.7742062680725531
BM.Day10.Fresh,Subject 1,Firmicutes Veillonella,0.008981511230540059
BM.Day10.Fresh,Subject 1,Fusobacteria Fusobacterium,0.010909250226363292
BM.Day10.Fresh,Subject 1,Fusobacteria Leptotrichia,0.010310482810993954
BM.Day10.Fresh,Subject 1,Proteobacteria Haemophilus,0.0055933639045477115
BM.Day10.Fresh,Subject 1,Proteobacteria Neisseria,0.03989835558022023
BM.Day10.Fresh,Subject 1,Other,0.037196600169407366
BM.Day2.4x2d,Subject 1,Actinobacteria Actinomyces,0.030215563267485316
BM.Day2.4x2d,Subject 1,Actinobacteria Rothia,0.01309730379071009
BM.Day2.4x2d,Subject 1,Bacteroidetes Porphyromonas,0.045798852108916176
BM.Day2.4x2d,Subject 1,Bacteroidetes Prevotella,0.02502669514148425
BM.Day2.4x2d,Subject 1,Firmicutes Gemellaceae,0.05235584623598505
BM.Day2.4x2d,Subject 1,Firmicutes Granulicatella,0.019787773625200213
BM.Day2.4x2d,Subject 1,Firmicutes Streptococcus,0.3890816871329418
BM.Day2.4x2d,Subject 1,Firmicutes Veillonella,0.07931793913507741
BM.Day2.4x2d,Subject 1,Fusobacteria Fusobacterium,0.05390750133475707
BM.Day2.4x2d,Subject 1,Fusobacteria Leptotrichia,0.05167178323545115
BM.Day2.4x2d,Subject 1,Proteobacteria Haemophilus,0.0013514415376401495
BM.Day2.4x2d,Subject 1,Proteobacteria Neisseria,0.03550453817405232
BM.Day2.4x2d,Subject 1,Other,0.20288307528029897
BM.Day2.icex1d,Subject 1,Actinobacteria Actinomyces,0.015221707478491065
BM.Day2.icex1d,Subject 1,Actinobacteria Rothia,0.016450789448804008
BM.Day2.icex1d,Subject 1,Bacteroidetes Porphyromonas,0.0242664901831017
BM.Day2.icex1d,Subject 1,Bacteroidetes Prevotella,0.03160946708266364
BM.Day2.icex1d,Subject 1,Firmicutes Gemellaceae,0.03195613122813652
BM.Day2.icex1d,Subject 1,Firmicutes Granulicatella,0.02360467681447165
BM.Day2.icex1d,Subject 1,Firmicutes Streptococcus,0.4472912924269642
BM.Day2.icex1d,Subject 1,Firmicutes Veillonella,0.10116290063344995
BM.Day2.icex1d,Subject 1,Fusobacteria Fusobacterium,0.041095458699694304
BM.Day2.icex1d,Subject 1,Fusobacteria Leptotrichia,0.035170653304339605
BM.Day2.icex1d,Subject 1,Proteobacteria Haemophilus,0.020453184582900002
BM.Day2.icex1d,Subject 1,Proteobacteria Neisseria,0.08238000693328291
BM.Day2.icex1d,Subject 1,Other,0.1293372411837005
BM.Day2.icex2d,Subject 1,Actinobacteria Actinomyces,0.03988677779216695
BM.Day2.icex2d,Subject 1,Actinobacteria Rothia,0.029415573603685272
BM.Day2.icex2d,Subject 1,Bacteroidetes Porphyromonas,0.02232993543374096
BM.Day2.icex2d,Subject 1,Bacteroidetes Prevotella,0.01946237951640057
BM.Day2.icex2d,Subject 1,Firmicutes Gemellaceae,0.06954285608569367
BM.Day2.icex2d,Subject 1,Firmicutes Granulicatella,0.017297837307827503
BM.Day2.icex2d,Subject 1,Firmicutes Streptococcus,0.43892105896064976
BM.Day2.icex2d,Subject 1,Firmicutes Veillonella,0.07611048415444101
BM.Day2.icex2d,Subject 1,Fusobacteria Fusobacterium,0.03267163709692339
BM.Day2.icex2d,Subject 1,Fusobacteria Leptotrichia,0.03657521321665772
BM.Day2.icex2d,Subject 1,Proteobacteria Haemophilus,0.0030895602464248054
BM.Day2.icex2d,Subject 1,Proteobacteria Neisseria,0.049266460695983574
BM.Day2.icex2d,Subject 1,Other,0.16543022588940484
BM.Day3.4x1d,Subject 1,Actinobacteria Actinomyces,0.0011460588310199923
BM.Day3.4x1d,Subject 1,Actinobacteria Rothia,0.0020056029542849865
BM.Day3.4x1d,Subject 1,Bacteroidetes Porphyromonas,0.012829491913918249
BM.Day3.4x1d,Subject 1,Bacteroidetes Prevotella,0.006080478797911626
BM.Day3.4x1d,Subject 1,Firmicutes Gemellaceae,0.16239016936202724
BM.Day3.4x1d,Subject 1,Firmicutes Granulicatella,0.01295683178403158
BM.Day3.4x1d,Subject 1,Firmicutes Streptococcus,0.75095504902585
BM.Day3.4x1d,Subject 1,Firmicutes Veillonella,0.004074875843626639
BM.Day3.4x1d,Subject 1,Fusobacteria Fusobacterium,0.007099197758818286
BM.Day3.4x1d,Subject 1,Fusobacteria Leptotrichia,0.004074875843626639
BM.Day3.4x1d,Subject 1,Proteobacteria Haemophilus,0.0014325735387749905
BM.Day3.4x1d,Subject 1,Proteobacteria Neisseria,0.012224627530879918
BM.Day3.4x1d,Subject 1,Other,0.02273016681522985
BM.Day3.80x7d,Subject 1,Actinobacteria Actinomyces,0.003250844211481276
BM.Day3.80x7d,Subject 1,Actinobacteria Rothia,0.00856811652638476
BM.Day3.80x7d,Subject 1,Bacteroidetes Porphyromonas,0.03712010483342573
BM.Day3.80x7d,Subject 1,Bacteroidetes Prevotella,0.020664281034222066
BM.Day3.80x7d,Subject 1,Firmicutes Gemellaceae,0.13857668464291115
BM.Day3.80x7d,Subject 1,Firmicutes Granulicatella,0.016077818658333753
BM.Day3.80x7d,Subject 1,Firmicutes Streptococcus,0.5919560506022882
BM.Day3.80x7d,Subject 1,Firmicutes Veillonella,0.01695983065369689
BM.Day3.80x7d,Subject 1,Fusobacteria Fusobacterium,0.01648102414192833
BM.Day3.80x7d,Subject 1,Fusobacteria Leptotrichia,0.01360818507131697
BM.Day3.80x7d,Subject 1,Proteobacteria Haemophilus,0.008442114812761454
BM.Day3.80x7d,Subject 1,Proteobacteria Neisseria,0.03462527090368429
BM.Day3.80x7d,Subject 1,Other,0.09366967390756514
BM.Day8.RTx2d,Subject 1,Actinobacteria Actinomyces,0.015600038895911762
BM.Day8.RTx2d,Subject 1,Actinobacteria Rothia,0.011432619778571131
BM.Day8.RTx2d,Subject 1,Bacteroidetes Porphyromonas,0.011946601469709809
BM.Day8.RTx2d,Subject 1,Bacteroidetes Prevotella,0.015488907719449345
BM.Day8.RTx2d,Subject 1,Firmicutes Gemellaceae,0.11049217219775793
BM.Day8.RTx2d,Subject 1,Firmicutes Granulicatella,0.020420353674969093
BM.Day8.RTx2d,Subject 1,Firmicutes Streptococcus,0.6818175503910429
BM.Day8.RTx2d,Subject 1,Firmicutes Veillonella,0.02490727492463917
BM.Day8.RTx2d,Subject 1,Fusobacteria Fusobacterium,0.013294066984316613
BM.Day8.RTx2d,Subject 1,Fusobacteria Leptotrichia,0.010126828455137734
BM.Day8.RTx2d,Subject 1,Proteobacteria Haemophilus,0.007973661911178407
BM.Day8.RTx2d,Subject 1,Proteobacteria Neisseria,0.013655243307819467
BM.Day8.RTx2d,Subject 1,Other,0.06284468028949672
JK.Day1.4x3d,Subject 2,Actinobacteria Actinomyces,0.03708111600387643
JK.Day1.4x3d,Subject 2,Actinobacteria Rothia,0.31001241137766294
JK.Day1.4x3d,Subject 2,Bacteroidetes Porphyromonas,1.7001887209480252e-5
JK.Day1.4x3d,Subject 2,Bacteroidetes Prevotella,0.054202016423823045
JK.Day1.4x3d,Subject 2,Firmicutes Gemellaceae,0.0036044000884098135
JK.Day1.4x3d,Subject 2,Firmicutes Granulicatella,0.07836169814849449
JK.Day1.4x3d,Subject 2,Firmicutes Streptococcus,0.2762806671540541
JK.Day1.4x3d,Subject 2,Firmicutes Veillonella,0.12363772378734039
JK.Day1.4x3d,Subject 2,Fusobacteria Fusobacterium,6.970773755886903e-4
JK.Day1.4x3d,Subject 2,Fusobacteria Leptotrichia,0.0010541170069877756
JK.Day1.4x3d,Subject 2,Proteobacteria Haemophilus,0.0827311831613309
JK.Day1.4x3d,Subject 2,Proteobacteria Neisseria,0
JK.Day1.4x3d,Subject 2,Other,0.03232058758522196
JK.Day1.80x9d,Subject 2,Actinobacteria Actinomyces,0.03124047546479732
JK.Day1.80x9d,Subject 2,Actinobacteria Rothia,0.22155338819465611
JK.Day1.80x9d,Subject 2,Bacteroidetes Porphyromonas,5.079752108097125e-5
JK.Day1.80x9d,Subject 2,Bacteroidetes Prevotella,0.05823935791933354
JK.Day1.80x9d,Subject 2,Firmicutes Gemellaceae,8.889566189169969e-4
JK.Day1.80x9d,Subject 2,Firmicutes Granulicatella,0.05872193436960276
JK.Day1.80x9d,Subject 2,Firmicutes Streptococcus,0.30092451488367367
JK.Day1.80x9d,Subject 2,Firmicutes Veillonella,0.17728334857258965
JK.Day1.80x9d,Subject 2,Fusobacteria Fusobacterium,5.079752108097125e-4
JK.Day1.80x9d,Subject 2,Fusobacteria Leptotrichia,0.0011683429848623388
JK.Day1.80x9d,Subject 2,Proteobacteria Haemophilus,0.1206695113278472
JK.Day1.80x9d,Subject 2,Proteobacteria Neisseria,0
JK.Day1.80x9d,Subject 2,Other,0.028751396931829726
JK.Day1.RTx3d,Subject 2,Actinobacteria Actinomyces,0.04324075964876455
JK.Day1.RTx3d,Subject 2,Actinobacteria Rothia,0.1830074535429855
JK.Day1.RTx3d,Subject 2,Bacteroidetes Porphyromonas,5.1051664284255664e-5
JK.Day1.RTx3d,Subject 2,Bacteroidetes Prevotella,0.03702521952215642
JK.Day1.RTx3d,Subject 2,Firmicutes Gemellaceae,0.001863385746375332
JK.Day1.RTx3d,Subject 2,Firmicutes Granulicatella,0.09262048192771084
JK.Day1.RTx3d,Subject 2,Firmicutes Streptococcus,0.3738258117214621
JK.Day1.RTx3d,Subject 2,Firmicutes Veillonella,0.16445017357565855
JK.Day1.RTx3d,Subject 2,Fusobacteria Fusobacterium,1.2762916071063916e-5
JK.Day1.RTx3d,Subject 2,Fusobacteria Leptotrichia,2.6802123749234227e-4
JK.Day1.RTx3d,Subject 2,Proteobacteria Haemophilus,0.09009342454564019
JK.Day1.RTx3d,Subject 2,Proteobacteria Neisseria,0
JK.Day1.RTx3d,Subject 2,Other,0.013541453951398816
JK.Day10.Fresh,Subject 2,Actinobacteria Actinomyces,0.06674941387394842
JK.Day10.Fresh,Subject 2,Actinobacteria Rothia,0.20466142601020548
JK.Day10.Fresh,Subject 2,Bacteroidetes Porphyromonas,0
JK.Day10.Fresh,Subject 2,Bacteroidetes Prevotella,0.025099986208798785
JK.Day10.Fresh,Subject 2,Firmicutes Gemellaceae,0.0011032960970900566
JK.Day10.Fresh,Subject 2,Firmicutes Granulicatella,0.02951317059715901
JK.Day10.Fresh,Subject 2,Firmicutes Streptococcus,0.5039304923458833
JK.Day10.Fresh,Subject 2,Firmicutes Veillonella,0.09143566404633843
JK.Day10.Fresh,Subject 2,Fusobacteria Fusobacterium,0.0027582402427251415
JK.Day10.Fresh,Subject 2,Fusobacteria Leptotrichia,0.0027582402427251415
JK.Day10.Fresh,Subject 2,Proteobacteria Haemophilus,0.046338436077782375
JK.Day10.Fresh,Subject 2,Proteobacteria Neisseria,0
JK.Day10.Fresh,Subject 2,Other,0.025651634257343816
JK.Day2.4x2d,Subject 2,Actinobacteria Actinomyces,0.0356129080451184
JK.Day2.4x2d,Subject 2,Actinobacteria Rothia,0.27504295211772617
JK.Day2.4x2d,Subject 2,Bacteroidetes Porphyromonas,1.120490027638754e-4
JK.Day2.4x2d,Subject 2,Bacteroidetes Prevotella,0.00535967729887204
JK.Day2.4x2d,Subject 2,Firmicutes Gemellaceae,3.921715096735639e-4
JK.Day2.4x2d,Subject 2,Firmicutes Granulicatella,0.03510868753268096
JK.Day2.4x2d,Subject 2,Firmicutes Streptococcus,0.506293418988571
JK.Day2.4x2d,Subject 2,Firmicutes Veillonella,0.045510569955927394
JK.Day2.4x2d,Subject 2,Fusobacteria Fusobacterium,0.0010084410248748785
JK.Day2.4x2d,Subject 2,Fusobacteria Leptotrichia,0.003492193919474117
JK.Day2.4x2d,Subject 2,Proteobacteria Haemophilus,0.06879808769701949
JK.Day2.4x2d,Subject 2,Proteobacteria Neisseria,0
JK.Day2.4x2d,Subject 2,Other,0.023268842907298127
JK.Day2.icex1d,Subject 2,Actinobacteria Actinomyces,0.027056698657789424
JK.Day2.icex1d,Subject 2,Actinobacteria Rothia,0.29156780111201613
JK.Day2.icex1d,Subject 2,Bacteroidetes Porphyromonas,1.4165810815596557e-4
JK.Day2.icex1d,Subject 2,Bacteroidetes Prevotella,0.012607571625880937
JK.Day2.icex1d,Subject 2,Firmicutes Gemellaceae,6.020469596628537e-4
JK.Day2.icex1d,Subject 2,Firmicutes Granulicatella,0.04207245812232178
JK.Day2.icex1d,Subject 2,Firmicutes Streptococcus,0.4448064596097319
JK.Day2.icex1d,Subject 2,Firmicutes Veillonella,0.06101923008818217
JK.Day2.icex1d,Subject 2,Fusobacteria Fusobacterium,6.020469596628537e-4
JK.Day2.icex1d,Subject 2,Fusobacteria Leptotrichia,0.004533059460990898
JK.Day2.icex1d,Subject 2,Proteobacteria Haemophilus,0.09416722739667811
JK.Day2.icex1d,Subject 2,Proteobacteria Neisseria,0
JK.Day2.icex1d,Subject 2,Other,0.02082374189892694
JK.Day2.icex2d,Subject 2,Actinobacteria Actinomyces,0.023458691852474237
JK.Day2.icex2d,Subject 2,Actinobacteria Rothia,0.23550493498680028
JK.Day2.icex2d,Subject 2,Bacteroidetes Porphyromonas,3.630573578760107e-5
JK.Day2.icex2d,Subject 2,Bacteroidetes Prevotella,0.0130959975519561
JK.Day2.icex2d,Subject 2,Firmicutes Gemellaceae,4.6160149787092793e-4
JK.Day2.icex2d,Subject 2,Firmicutes Granulicatella,0.04815696525541085
JK.Day2.icex2d,Subject 2,Firmicutes Streptococcus,0.5618675670489142
JK.Day2.icex2d,Subject 2,Firmicutes Veillonella,0.04041865699896788
JK.Day2.icex2d,Subject 2,Fusobacteria Fusobacterium,0.0013951775609806697
JK.Day2.icex2d,Subject 2,Fusobacteria Leptotrichia,0.003952138667164574
JK.Day2.icex2d,Subject 2,Proteobacteria Haemophilus,0.05321383559725529
JK.Day2.icex2d,Subject 2,Proteobacteria Neisseria,0
JK.Day2.icex2d,Subject 2,Other,0.018438127246417402
JK.Day3.4x1d,Subject 2,Actinobacteria Actinomyces,0.03146409540725704
JK.Day3.4x1d,Subject 2,Actinobacteria Rothia,0.14893428063943162
JK.Day3.4x1d,Subject 2,Bacteroidetes Porphyromonas,5.074854097944684e-5
JK.Day3.4x1d,Subject 2,Bacteroidetes Prevotella,0.03332910428825171
JK.Day3.4x1d,Subject 2,Firmicutes Gemellaceae,0.0013828977416899264
JK.Day3.4x1d,Subject 2,Firmicutes Granulicatella,0.04500126871352449
JK.Day3.4x1d,Subject 2,Firmicutes Streptococcus,0.4428698299923877
JK.Day3.4x1d,Subject 2,Firmicutes Veillonella,0.18053793453438213
JK.Day3.4x1d,Subject 2,Fusobacteria Fusobacterium,0.0036665820857650342
JK.Day3.4x1d,Subject 2,Fusobacteria Leptotrichia,0.002905353971073332
JK.Day3.4x1d,Subject 2,Proteobacteria Haemophilus,0.09766556711494545
JK.Day3.4x1d,Subject 2,Proteobacteria Neisseria,1.268713524486171e-5
JK.Day3.4x1d,Subject 2,Other,0.012179649835067242
JK.Day3.80x7d,Subject 2,Actinobacteria Actinomyces,0.02445466409794295
JK.Day3.80x7d,Subject 2,Actinobacteria Rothia,0.21022621341122366
JK.Day3.80x7d,Subject 2,Bacteroidetes Porphyromonas,2.6412280156609284e-4
JK.Day3.80x7d,Subject 2,Bacteroidetes Prevotella,0.027639674352122303
JK.Day3.80x7d,Subject 2,Firmicutes Gemellaceae,0.001709029892486483
JK.Day3.80x7d,Subject 2,Firmicutes Granulicatella,0.035081722702131626
JK.Day3.80x7d,Subject 2,Firmicutes Streptococcus,0.28895034491330557
JK.Day3.80x7d,Subject 2,Firmicutes Veillonella,0.16324342800323163
JK.Day3.80x7d,Subject 2,Fusobacteria Fusobacterium,0.002237275495618669
JK.Day3.80x7d,Subject 2,Fusobacteria Leptotrichia,0.0022683487663911505
JK.Day3.80x7d,Subject 2,Proteobacteria Haemophilus,0.22478404076813124
JK.Day3.80x7d,Subject 2,Proteobacteria Neisseria,0
JK.Day3.80x7d,Subject 2,Other,0.01914113479584861
JK.Day8.RTx2d,Subject 2,Actinobacteria Actinomyces,0.04151203935444895
JK.Day8.RTx2d,Subject 2,Actinobacteria Rothia,0.09601277293518598
JK.Day8.RTx2d,Subject 2,Bacteroidetes Porphyromonas,2.5891084836454647e-4
JK.Day8.RTx2d,Subject 2,Bacteroidetes Prevotella,0.005954949512384569
JK.Day8.RTx2d,Subject 2,Firmicutes Gemellaceae,1.7260723224303098e-4
JK.Day8.RTx2d,Subject 2,Firmicutes Granulicatella,0.01281608699404505
JK.Day8.RTx2d,Subject 2,Firmicutes Streptococcus,0.7291145248985933
JK.Day8.RTx2d,Subject 2,Firmicutes Veillonella,0.04498575990333995
JK.Day8.RTx2d,Subject 2,Fusobacteria Fusobacterium,0.0011219470095797015
JK.Day8.RTx2d,Subject 2,Fusobacteria Leptotrichia,0.003387416932769483
JK.Day8.RTx2d,Subject 2,Proteobacteria Haemophilus,0.023647190817295244
JK.Day8.RTx2d,Subject 2,Proteobacteria Neisseria,0
JK.Day8.RTx2d,Subject 2,Other,0.04101579356175024
